{
  "scaler": {
    "data_min": [
      0.5559114042699306,
      0.0
    ],
    "data_max": [
      9.828411821513651,
      4.053305622759045
    ]
  },
  "centroids": [
    [
      0.18189231659968863,
      0.01953860299140317
    ],
    [
      0.14650671187813893,
      0.6765077247340073
    ],
    [
      0.28558230086254793,
      0.3369743837978462
    ],
    [
      0.549310595015668,
      0.05386133484259195
    ]
  ],
  "log_transform_applied": true
}